DST,
Exchange capacity (Ah),Resistance increase (%)
-2.012072435,0
181.0865191,32.20035778
476.861167,45.61717352
702.2132797,59.5706619
903.4205231,76.74418605
1096.579477,89.62432916
1295.774648,98.74776386
1336.016097,101.9677996
1384.305835,110.0178891
1426.559356,111.0912343
1462.77666,119.6779964
